id,first_name,last_name,company_name,address,city,county,state,zip
1,James,Butt,"Benton, John B Jr",6649 N Blue Gum St,New Orleans,Orleans,LA,70116
2,Josephine,Darakjy,"Chanay, Jeffrey A Esq",4 B Blue Ridge Blvd,Brighton,Livingston,MI,48116
3,Art,Venere,"Chemel, James L Cpa",8 W Cerritos Ave #54,Bridgeport,Gloucester,NJ,8014
4,Lenna,Paprocki,Feltz Printing Service,639 Main St,Anchorage,Anchorage,AK,99501
5,Donette,Foller,Printing Dimensions,34 Center St,Hamilton,Butler,OH,45011
6,Simona,Morasca,"Chapman, Ross E Esq",3 Mcauley Dr,Ashland,Ashland,OH,44805
7,Mitsue,Tollner,Morlong Associates,7 Eads St,Chicago,Cook,IL,60632
8,Leota,Dilliard,Commercial Press,7 W Jackson Blvd,San Jose,Santa Clara,CA,95111
9,Sage,Wieser,Truhlar And Truhlar Attys,5 Boston Ave #88,Sioux Falls,Minnehaha,SD,57105
10,Kris,Marrier,"King, Christopher A Esq",228 Runamuck Pl #2808,Baltimore,Baltimore City,MD,21224
11,Minna,Amigon,"Dorl, James J Esq",2371 Jerrold Ave,Kulpsville,Montgomery,PA,19443
12,Abel,Maclead,Rangoni Of Florence,37275 St  Rt 17m M,Middle Island,Suffolk,NY,11953
13,Kiley,Caldarera,Feiner Bros,25 E 75th St #69,Los Angeles,Los Angeles,CA,90034
14,Graciela,Ruta,Buckley Miller & Wright,98 Connecticut Ave Nw,Chagrin Falls,Geauga,OH,44023
15,Cammy,Albares,"Rousseaux, Michael Esq",56 E Morehead St,Laredo,Webb,TX,78045
16,Mattie,Poquette,Century Communications,73 State Road 434 E,Phoenix,Maricopa,AZ,85013
17,Meaghan,Garufi,"Bolton, Wilbur Esq",69734 E Carrillo St,Mc Minnville,Warren,TN,37110
18,Gladys,Rim,T M Byxbee Company Pc,322 New Horizon Blvd,Milwaukee,Milwaukee,WI,53207
19,Yuki,Whobrey,Farmers Insurance Group,1 State Route 27,Taylor,Wayne,MI,48180
20,Fletcher,Flosi,Post Box Services Plus,394 Manchester Blvd,Rockford,Winnebago,IL,61109
21,Bette,Nicka,Sport En Art,6 S 33rd St,Aston,Delaware,PA,19014
22,Veronika,Inouye,C 4 Network Inc,6 Greenleaf Ave,San Jose,Santa Clara,CA,95111
23,Willard,Kolmetz,"Ingalls, Donald R Esq",618 W Yakima Ave,Irving,Dallas,TX,75062
24,Maryann,Royster,"Franklin, Peter L Esq",74 S Westgate St,Albany,Albany,NY,12204
25,Alisha,Slusarski,Wtlz Power 107 Fm,3273 State St,Middlesex,Middlesex,NJ,8846
26,Allene,Iturbide,"Ledecky, David Esq",1 Central Ave,Stevens Point,Portage,WI,54481
27,Chanel,Caudy,Professional Image Inc,86 Nw 66th St #8673,Shawnee,Johnson,KS,66218
28,Ezekiel,Chui,"Sider, Donald C Esq",2 Cedar Ave #84,Easton,Talbot,MD,21601
29,Willow,Kusko,U Pull It,90991 Thorburn Ave,New York,New York,NY,10011
30,Bernardo,Figeroa,"Clark, Richard Cpa",386 9th Ave N,Conroe,Montgomery,TX,77301
31,Ammie,Corrio,"Moskowitz, Barry S",74874 Atlantic Ave,Columbus,Franklin,OH,43215
32,Francine,Vocelka,Cascade Realty Advisors Inc,366 South Dr,Las Cruces,Dona Ana,NM,88011
33,Ernie,Stenseth,Knwz Newsradio,45 E Liberty St,Ridgefield Park,Bergen,NJ,7660
34,Albina,Glick,"Giampetro, Anthony D",4 Ralph Ct,Dunellen,Middlesex,NJ,8812
35,Alishia,Sergi,Milford Enterprises Inc,2742 Distribution Way,New York,New York,NY,10025
36,Solange,Shinko,"Mosocco, Ronald A",426 Wolf St,Metairie,Jefferson,LA,70002
37,Jose,Stockham,Tri State Refueler Co,128 Bransten Rd,New York,New York,NY,10011
38,Rozella,Ostrosky,Parkway Company,17 Morena Blvd,Camarillo,Ventura,CA,93012
39,Valentine,Gillian,Fbs Business Finance,775 W 17th St,San Antonio,Bexar,TX,78204
40,Kati,Rulapaugh,Eder Assocs Consltng Engrs Pc,6980 Dorsett Rd,Abilene,Dickinson,KS,67410
41,Youlanda,Schemmer,Tri M Tool Inc,2881 Lewis Rd,Prineville,Crook,OR,97754
42,Dyan,Oldroyd,International Eyelets Inc,7219 Woodfield Rd,Overland Park,Johnson,KS,66204
43,Roxane,Campain,Rapid Trading Intl,1048 Main St,Fairbanks,Fairbanks North Star,AK,99708
44,Lavera,Perin,Abc Enterprises Inc,678 3rd Ave,Miami,Miami-Dade,FL,33196
45,Erick,Ferencz,Cindy Turner Associates,20 S Babcock St,Fairbanks,Fairbanks North Star,AK,99712
46,Fatima,Saylors,"Stanton, James D Esq",2 Lighthouse Ave,Hopkins,Hennepin,MN,55343
47,Jina,Briddick,Grace Pastries Inc,38938 Park Blvd,Boston,Suffolk,MA,2128
48,Kanisha,Waycott,"Schroer, Gene E Esq",5 Tomahawk Dr,Los Angeles,Los Angeles,CA,90006
49,Emerson,Bowley,Knights Inn,762 S Main St,Madison,Dane,WI,53711
50,Blair,Malet,Bollinger Mach Shp & Shipyard,209 Decker Dr,Philadelphia,Philadelphia,PA,19132
51,Brock,Bolognia,Orinda News,4486 W O St #1,New York,New York,NY,10003
52,Lorrie,Nestle,Ballard Spahr Andrews,39 S 7th St,Tullahoma,Coffee,TN,37388
53,Sabra,Uyetake,Lowy Limousine Service,98839 Hawthorne Blvd #6101,Columbia,Richland,SC,29201
54,Marjory,Mastella,Vicon Corporation,71 San Mateo Ave,Wayne,Delaware,PA,19087
55,Karl,Klonowski,"Rossi, Michael M",76 Brooks St #9,Flemington,Hunterdon,NJ,8822
56,Tonette,Wenner,Northwest Publishing,4545 Courthouse Rd,Westbury,Nassau,NY,11590
57,Amber,Monarrez,Branford Wire & Mfg Co,14288 Foster Ave #4121,Jenkintown,Montgomery,PA,19046
58,Shenika,Seewald,East Coast Marketing,4 Otis St,Van Nuys,Los Angeles,CA,91405
59,Delmy,Ahle,Wye Technologies Inc,65895 S 16th St,Providence,Providence,RI,2909
60,Deeanna,Juhas,"Healy, George W Iv",14302 Pennsylvania Ave,Huntingdon Valley,Montgomery,PA,19006
61,Blondell,Pugh,Alpenlite Inc,201 Hawk Ct,Providence,Providence,RI,2904
62,Jamal,Vanausdal,"Hubbard, Bruce Esq",53075 Sw 152nd Ter #615,Monroe Township,Middlesex,NJ,8831
63,Cecily,Hollack,Arthur A Oliver & Son Inc,59 N Groesbeck Hwy,Austin,Travis,TX,78731
64,Carmelina,Lindall,George Jessop Carter Jewelers,2664 Lewis Rd,Littleton,Douglas,CO,80126
65,Maurine,Yglesias,"Schultz, Thomas C Md",59 Shady Ln #53,Milwaukee,Milwaukee,WI,53214
66,Tawna,Buvens,H H H Enterprises Inc,3305 Nabell Ave #679,New York,New York,NY,10009
67,Penney,Weight,Hawaiian King Hotel,18 Fountain St,Anchorage,Anchorage,AK,99515
68,Elly,Morocco,Killion Industries,7 W 32nd St,Erie,Erie,PA,16502
69,Ilene,Eroman,"Robinson, William J Esq",2853 S Central Expy,Glen Burnie,Anne Arundel,MD,21061
70,Vallie,Mondella,Private Properties,74 W College St,Boise,Ada,ID,83707
71,Kallie,Blackwood,Rowley Schlimgen Inc,701 S Harrison Rd,San Francisco,San Francisco,CA,94104
72,Johnetta,Abdallah,Forging Specialties,1088 Pinehurst St,Chapel Hill,Orange,NC,27514
73,Bobbye,Rhym,"Smits, Patricia Garity",30 W 80th St #1995,San Carlos,San Mateo,CA,94070
74,Micaela,Rhymes,H Lee Leonard Attorney At Law,20932 Hedley St,Concord,Contra Costa,CA,94520
75,Tamar,Hoogland,A K Construction Co,2737 Pistorio Rd #9230,London,Madison,OH,43140
76,Moon,Parlato,"Ambelang, Jessica M Md",74989 Brandon St,Wellsville,Allegany,NY,14895
77,Laurel,Reitler,Q A Service,6 Kains Ave,Baltimore,Baltimore City,MD,21215
78,Delisa,Crupi,Wood & Whitacre Contractors,47565 W Grand Ave,Newark,Essex,NJ,7105
79,Viva,Toelkes,Mark Iv Press Ltd,4284 Dorigo Ln,Chicago,Cook,IL,60647
80,Elza,Lipke,Museum Of Science & Industry,6794 Lake Dr E,Newark,Essex,NJ,7104
81,Devorah,Chickering,Garrison Ind,31 Douglas Blvd #950,Clovis,Curry,NM,88101
82,Timothy,Mulqueen,Saronix Nymph Products,44 W 4th St,Staten Island,Richmond,NY,10309
83,Arlette,Honeywell,Smc Inc,11279 Loytan St,Jacksonville,Duval,FL,32254
84,Dominque,Dickerson,E A I Electronic Assocs Inc,69 Marquette Ave,Hayward,Alameda,CA,94545
85,Lettie,Isenhower,"Conte, Christopher A Esq",70 W Main St,Beachwood,Cuyahoga,OH,44122
86,Myra,Munns,Anker Law Office,461 Prospect Pl #316,Euless,Tarrant,TX,76040
87,Stephaine,Barfield,Beutelschies & Company,47154 Whipple Ave Nw,Gardena,Los Angeles,CA,90247
88,Lai,Gato,"Fligg, Kenneth I Jr",37 Alabama Ave,Evanston,Cook,IL,60201
89,Stephen,Emigh,"Sharp, J Daniel Esq",3777 E Richmond St #900,Akron,Summit,OH,44302
90,Tyra,Shields,"Assink, Anne H Esq",3 Fort Worth Ave,Philadelphia,Philadelphia,PA,19106
91,Tammara,Wardrip,Jewel My Shop Inc,4800 Black Horse Pike,Burlingame,San Mateo,CA,94010
92,Cory,Gibes,Chinese Translation Resources,83649 W Belmont Ave,San Gabriel,Los Angeles,CA,91776
93,Danica,Bruschke,"Stevens, Charles T",840 15th Ave,Waco,McLennan,TX,76708
94,Wilda,Giguere,"Mclaughlin, Luther W Cpa",1747 Calle Amanecer #2,Anchorage,Anchorage,AK,99501
95,Elvera,Benimadho,Tree Musketeers,99385 Charity St #840,San Jose,Santa Clara,CA,95110
96,Carma,Vanheusen,Springfield Div Oh Edison Co,68556 Central Hwy,San Leandro,Alameda,CA,94577
97,Malinda,Hochard,Logan Memorial Hospital,55 Riverside Ave,Indianapolis,Marion,IN,46202
98,Natalie,Fern,"Kelly, Charles G Esq",7140 University Ave,Rock Springs,Sweetwater,WY,82901
99,Lisha,Centini,Industrial Paper Shredders Inc,64 5th Ave #1153,Mc Lean,Fairfax,VA,22102
100,Arlene,Klusman,Beck Horizon Builders,3 Secor Rd,New Orleans,Orleans,LA,70112
101,Alease,Buemi,Porto Cayo At Hawks Cay,4 Webbs Chapel Rd,Boulder,Boulder,CO,80303
102,Louisa,Cronauer,Pacific Grove Museum Ntrl Hist,524 Louisiana Ave Nw,San Leandro,Alameda,CA,94577
103,Angella,Cetta,Bender & Hatley Pc,185 Blackstone Bldge,Honolulu,Honolulu,HI,96817
104,Cyndy,Goldammer,Di Cristina J & Son,170 Wyoming Ave,Burnsville,Dakota,MN,55337
105,Rosio,Cork,Green Goddess,4 10th St W,High Point,Guilford,NC,27263
106,Celeste,Korando,American Arts & Graphics,7 W Pinhook Rd,Lynbrook,Nassau,NY,11563
107,Twana,Felger,Opryland Hotel,1 Commerce Way,Portland,Washington,OR,97224
108,Estrella,Samu,Marking Devices Pubg Co,64 Lakeview Ave,Beloit,Rock,WI,53511
109,Donte,Kines,W Tc Industries Inc,3 Aspen St,Worcester,Worcester,MA,1602
110,Tiffiny,Steffensmeier,Whitehall Robbins Labs Divsn,32860 Sierra Rd,Miami,Miami-Dade,FL,33133
111,Edna,Miceli,Sampler,555 Main St,Erie,Erie,PA,16502
112,Sue,Kownacki,Juno Chefs Incorporated,2 Se 3rd Ave,Mesquite,Dallas,TX,75149
113,Jesusa,Shin,"Carroccio, A Thomas Esq",2239 Shawnee Mission Pky,Tullahoma,Coffee,TN,37388
114,Rolland,Francescon,"Stanley, Richard L Esq",2726 Charcot Ave,Paterson,Passaic,NJ,7501
115,Pamella,Schmierer,K Cs Cstm Mouldings Windows,5161 Dorsett Rd,Homestead,Miami-Dade,FL,33030
116,Glory,Kulzer,Comfort Inn,55892 Jacksonville Rd,Owings Mills,Baltimore,MD,21117
117,Shawna,Palaspas,"Windsor, James L Esq",5 N Cleveland Massillon Rd,Thousand Oaks,Ventura,CA,91362
118,Brandon,Callaro,Jackson Shields Yeiser,7 Benton Dr,Honolulu,Honolulu,HI,96819
119,Scarlet,Cartan,"Box, J Calvin Esq",9390 S Howell Ave,Albany,Dougherty,GA,31701
120,Oretha,Menter,Custom Engineering Inc,8 County Center Dr #647,Boston,Suffolk,MA,2210
121,Ty,Smith,Bresler Eitel Framg Gllry Ltd,4646 Kaahumanu St,Hackensack,Bergen,NJ,7601
122,Xuan,Rochin,"Carol, Drake Sparks Esq",2 Monroe St,San Mateo,San Mateo,CA,94403
123,Lindsey,Dilello,Biltmore Investors Bank,52777 Leaders Heights Rd,Ontario,San Bernardino,CA,91761
124,Devora,Perez,Desco Equipment Corp,72868 Blackington Ave,Oakland,Alameda,CA,94606
125,Herman,Demesa,Merlin Electric Co,9 Norristown Rd,Troy,Rensselaer,NY,12180
126,Rory,Papasergi,Bailey Cntl Co Div Babcock,83 County Road 437 #8581,Clarks Summit,Lackawanna,PA,18411
127,Talia,Riopelle,Ford Brothers Wholesale Inc,1 N Harlem Ave #9,Orange,Essex,NJ,7050
128,Van,Shire,Cambridge Inn,90131 J St,Pittstown,Hunterdon,NJ,8867
129,Lucina,Lary,"Matricciani, Albert J Jr",8597 W National Ave,Cocoa,Brevard,FL,32922
130,Bok,Isaacs,Nelson Hawaiian Ltd,6 Gilson St,Bronx,Bronx,NY,10468
131,Rolande,Spickerman,Neland Travel Agency,65 W Maple Ave,Pearl City,Honolulu,HI,96782
132,Howard,Paulas,"Asendorf, J Alan Esq",866 34th Ave,Denver,Denver,CO,80231
133,Kimbery,Madarang,"Silberman, Arthur L Esq",798 Lund Farm Way,Rockaway,Morris,NJ,7866
134,Thurman,Manno,Honey Bee Breeding Genetics &,9387 Charcot Ave,Absecon,Atlantic,NJ,8201
135,Becky,Mirafuentes,Wells Kravitz Schnitzer,30553 Washington Rd,Plainfield,Union,NJ,7062
136,Beatriz,Corrington,Prohab Rehabilitation Servs,481 W Lemon St,Middleboro,Plymouth,MA,2346
137,Marti,Maybury,"Eldridge, Kristin K Esq",4 Warehouse Point Rd #7,Chicago,Cook,IL,60638
138,Nieves,Gotter,"Vlahos, John J Esq",4940 Pulaski Park Dr,Portland,Multnomah,OR,97202
139,Leatha,Hagele,Ninas Indian Grs & Videos,627 Walford Ave,Dallas,Dallas,TX,75227
140,Valentin,Klimek,"Schmid, Gayanne K Esq",137 Pioneer Way,Chicago,Cook,IL,60604
141,Melissa,Wiklund,Moapa Valley Federal Credit Un,61 13 Stoneridge #835,Findlay,Hancock,OH,45840
142,Sheridan,Zane,Kentucky Tennessee Clay Co,2409 Alabama Rd,Riverside,Riverside,CA,92501
143,Bulah,Padilla,Admiral Party Rentals & Sales,8927 Vandever Ave,Waco,McLennan,TX,76707
144,Audra,Kohnert,"Nelson, Karolyn King Esq",134 Lewis Rd,Nashville,Davidson,TN,37211
145,Daren,Weirather,Panasystems,9 N College Ave #3,Milwaukee,Milwaukee,WI,53216
146,Fernanda,Jillson,"Shank, Edward L Esq",60480 Old Us Highway 51,Preston,Caroline,MD,21655
147,Gearldine,Gellinger,Megibow & Edwards,4 Bloomfield Ave,Irving,Dallas,TX,75061
148,Chau,Kitzman,"Benoff, Edward Esq",429 Tiger Ln,Beverly Hills,Los Angeles,CA,90212
149,Theola,Frey,Woodbridge Free Public Library,54169 N Main St,Massapequa,Nassau,NY,11758
150,Cheryl,Haroldson,New York Life John Thune,92 Main St,Atlantic City,Atlantic,NJ,8401
151,Laticia,Merced,Alinabal Inc,72 Mannix Dr,Cincinnati,Hamilton,OH,45203
152,Carissa,Batman,"Poletto, Kim David Esq",12270 Caton Center Dr,Eugene,Lane,OR,97401
153,Lezlie,Craghead,"Chang, Carolyn Esq",749 W 18th St #45,Smithfield,Johnston,NC,27577
154,Ozell,Shealy,Silver Bros Inc,8 Industry Ln,New York,New York,NY,10002
155,Arminda,Parvis,Newtec Inc,1 Huntwood Ave,Phoenix,Maricopa,AZ,85017
156,Reita,Leto,Creative Business Systems,55262 N French Rd,Indianapolis,Marion,IN,46240
157,Yolando,Luczki,Dal Tile Corporation,422 E 21st St,Syracuse,Onondaga,NY,13214
158,Lizette,Stem,Edward S Katz,501 N 19th Ave,Cherry Hill,Camden,NJ,8002
159,Gregoria,Pawlowicz,Oh My Goodknits Inc,455 N Main Ave,Garden City,Nassau,NY,11530
160,Carin,Deleo,"Redeker, Debbie",1844 Southern Blvd,Little Rock,Pulaski,AR,72202
161,Chantell,Maynerich,Desert Sands Motel,2023 Greg St,Saint Paul,Ramsey,MN,55101
162,Dierdre,Yum,Cummins Southern Plains Inc,63381 Jenks Ave,Philadelphia,Philadelphia,PA,19134
163,Larae,Gudroe,Lehigh Furn Divsn Lehigh,6651 Municipal Rd,Houma,Terrebonne,LA,70360
164,Latrice,Tolfree,United Van Lines Agent,81 Norris Ave #525,Ronkonkoma,Suffolk,NY,11779
165,Kerry,Theodorov,Capitol Reporters,6916 W Main St,Sacramento,Sacramento,CA,95827
166,Dorthy,Hidvegi,Kwik Kopy Printing,9635 S Main St,Boise,Ada,ID,83704
167,Fannie,Lungren,Centro Inc,17 Us Highway 111,Round Rock,Williamson,TX,78664
168,Evangelina,Radde,"Campbell, Jan Esq",992 Civic Center Dr,Philadelphia,Philadelphia,PA,19123
169,Novella,Degroot,"Evans, C Kelly Esq",303 N Radcliffe St,Hilo,Hawaii,HI,96720
170,Clay,Hoa,Scat Enterprises,73 Saint Ann St #86,Reno,Washoe,NV,89502
171,Jennifer,Fallick,"Nagle, Daniel J Esq",44 58th St,Wheeling,Cook,IL,60090
172,Irma,Wolfgramm,Serendiquity Bed & Breakfast,9745 W Main St,Randolph,Morris,NJ,7869
173,Eun,Coody,Ray Carolyne Realty,84 Bloomfield Ave,Spartanburg,Spartanburg,SC,29301
174,Sylvia,Cousey,"Berg, Charles E",287 Youngstown Warren Rd,Hampstead,Carroll,MD,21074
175,Nana,Wrinkles,"Ray, Milbern D",6 Van Buren St,Mount Vernon,Westchester,NY,10553
176,Layla,Springe,Chadds Ford Winery,229 N Forty Driv,New York,New York,NY,10011
177,Joesph,Degonia,A R Packaging,2887 Knowlton St #5435,Berkeley,Alameda,CA,94710
178,Annabelle,Boord,Corn Popper,523 Marquette Ave,Concord,Middlesex,MA,1742
179,Stephaine,Vinning,Birite Foodservice Distr,3717 Hamann Industrial Pky,San Francisco,San Francisco,CA,94104
180,Nelida,Sawchuk,Anchorage Museum Of Hist & Art,3 State Route 35 S,Paramus,Bergen,NJ,7652
181,Marguerita,Hiatt,"Haber, George D Md",82 N Highway 67,Oakley,Contra Costa,CA,94561
182,Carmela,Cookey,Royal Pontiac Olds Inc,9 Murfreesboro Rd,Chicago,Cook,IL,60623
183,Junita,Brideau,Leonards Antiques Inc,6 S Broadway St,Cedar Grove,Essex,NJ,7009
184,Claribel,Varriano,Meca,6 Harry L Dr #6327,Perrysburg,Wood,OH,43551
185,Benton,Skursky,Nercon Engineering & Mfg Inc,47939 Porter Ave,Gardena,Los Angeles,CA,90248
186,Hillary,Skulski,Replica I,9 Wales Rd Ne #914,Homosassa,Citrus,FL,34448
187,Merilyn,Bayless,20 20 Printing Inc,195 13n N,Santa Clara,Santa Clara,CA,95054
188,Teri,Ennaco,Publishers Group West,99 Tank Farm Rd,Hazleton,Luzerne,PA,18201
189,Merlyn,Lawler,"Nischwitz, Jeffrey L Esq",4671 Alemany Blvd,Jersey City,Hudson,NJ,7304
190,Georgene,Montezuma,Payne Blades & Wellborn Pa,98 University Dr,San Ramon,Contra Costa,CA,94583
191,Jettie,Mconnell,Coldwell Bnkr Wright Real Est,50 E Wacker Dr,Bridgewater,Somerset,NJ,8807
192,Lemuel,Latzke,Computer Repair Service,70 Euclid Ave #722,Bohemia,Suffolk,NY,11716
193,Melodie,Knipp,Fleetwood Building Block Inc,326 E Main St #6496,Thousand Oaks,Ventura,CA,91362
194,Candida,Corbley,Colts Neck Medical Assocs Inc,406 Main St,Somerville,Somerset,NJ,8876
195,Karan,Karpin,New England Taxidermy,3 Elmwood Dr,Beaverton,Washington,OR,97005
196,Andra,Scheyer,"Ludcke, George O Esq",9 Church St,Salem,Marion,OR,97302
197,Felicidad,Poullion,"Mccorkle, Tom S Esq",9939 N 14th St,Riverton,Burlington,NJ,8077
198,Belen,Strassner,Eagle Software Inc,5384 Southwyck Blvd,Douglasville,Douglas,GA,30135
199,Gracia,Melnyk,Juvenile & Adult Super,97 Airport Loop Dr,Jacksonville,Duval,FL,32216
200,Jolanda,Hanafan,"Perez, Joseph J Esq",37855 Nolan Rd,Bangor,Penobscot,ME,4401
201,Barrett,Toyama,Case Foundation Co,4252 N Washington Ave #9,Kennedale,Tarrant,TX,76060
202,Helga,Fredicks,Eis Environmental Engrs Inc,42754 S Ash Ave,Buffalo,Erie,NY,14228
203,Ashlyn,Pinilla,Art Crafters,703 Beville Rd,Opa Locka,Miami-Dade,FL,33054
204,Fausto,Agramonte,Marriott Hotels Resorts Suites,5 Harrison Rd,New York,New York,NY,10038
205,Ronny,Caiafa,Remaco Inc,73 Southern Blvd,Philadelphia,Philadelphia,PA,19103
206,Marge,Limmel,"Bjork, Robert D Jr",189 Village Park Rd,Crestview,Okaloosa,FL,32536
207,Norah,Waymire,"Carmichael, Jeffery L Esq",6 Middlegate Rd #106,San Francisco,San Francisco,CA,94107
208,Aliza,Baltimore,"Andrews, J Robert Esq",1128 Delaware St,San Jose,Santa Clara,CA,95132
209,Mozell,Pelkowski,Winship & Byrne,577 Parade St,South San Francisco,San Mateo,CA,94080
210,Viola,Bitsuie,Burton & Davis,70 Mechanic St,Northridge,Los Angeles,CA,91325
211,Franklyn,Emard,Olympic Graphic Arts,4379 Highway 116,Philadelphia,Philadelphia,PA,19103
212,Willodean,Konopacki,Magnuson,55 Hawthorne Blvd,Lafayette,Lafayette,LA,70506
213,Beckie,Silvestrini,A All American Travel Inc,7116 Western Ave,Dearborn,Wayne,MI,48126
214,Rebecka,Gesick,Polykote Inc,2026 N Plankinton Ave #3,Austin,Travis,TX,78754
215,Frederica,Blunk,Jets Cybernetics,99586 Main St,Dallas,Dallas,TX,75207
216,Glen,Bartolet,Metlab Testing Services,8739 Hudson St,Vashon,King,WA,98070
217,Freeman,Gochal,"Kellermann, William T Esq",383 Gunderman Rd #197,Coatesville,Chester,PA,19320
218,Vincent,Meinerding,"Arturi, Peter D Esq",4441 Point Term Mkt,Philadelphia,Philadelphia,PA,19143
219,Rima,Bevelacqua,Mcauley Mfg Co,2972 Lafayette Ave,Gardena,Los Angeles,CA,90248
220,Glendora,Sarbacher,Defur Voran Hanley Radcliff,2140 Diamond Blvd,Rohnert Park,Sonoma,CA,94928
221,Avery,Steier,Dill Dill Carr & Stonbraker Pc,93 Redmond Rd #492,Orlando,Orange,FL,32803
222,Cristy,Lother,Kleensteel,3989 Portage Tr,Escondido,San Diego,CA,92025
223,Nicolette,Brossart,Goulds Pumps Inc Slurry Pump,1 Midway Rd,Westborough,Worcester,MA,1581
224,Tracey,Modzelewski,Kansas City Insurance Report,77132 Coon Rapids Blvd Nw,Conroe,Montgomery,TX,77301
225,Virgina,Tegarden,Berhanu International Foods,755 Harbor Way,Milwaukee,Milwaukee,WI,53226
226,Tiera,Frankel,Roland Ashcroft,87 Sierra Rd,El Monte,Los Angeles,CA,91731
227,Alaine,Bergesen,Hispanic Magazine,7667 S Hulen St #42,Yonkers,Westchester,NY,10701
228,Earleen,Mai,Little Sheet Metal Co,75684 S Withlapopka Dr #32,Dallas,Dallas,TX,75227
229,Leonida,Gobern,"Holmes, Armstead J Esq",5 Elmwood Park Blvd,Biloxi,Harrison,MS,39530
230,Ressie,Auffrey,"Faw, James C Cpa",23 Palo Alto Sq,Miami,Miami-Dade,FL,33134
231,Justine,Mugnolo,Evans Rule Company,38062 E Main St,New York,New York,NY,10048
232,Eladia,Saulter,Tyee Productions Inc,3958 S Dupont Hwy #7,Ramsey,Bergen,NJ,7446
233,Chaya,Malvin,Dunnells & Duvall,560 Civic Center Dr,Ann Arbor,Washtenaw,MI,48103
234,Gwenn,Suffield,Deltam Systems Inc,3270 Dequindre Rd,Deer Park,Suffolk,NY,11729
235,Salena,Karpel,Hammill Mfg Co,1 Garfield Ave #7,Canton,Stark,OH,44707
236,Yoko,Fishburne,Sams Corner Store,9122 Carpenter Ave,New Haven,New Haven,CT,6511
237,Taryn,Moyd,"Siskin, Mark J Esq",48 Lenox St,Fairfax,Fairfax City,VA,22030
238,Katina,Polidori,Cape & Associates Real Estate,5 Little River Tpke,Wilmington,Middlesex,MA,1887
239,Rickie,Plumer,Merrill Lynch,3 N Groesbeck Hwy,Toledo,Lucas,OH,43613
240,Alex,Loader,"Sublett, Scott Esq",37 N Elm St #916,Tacoma,Pierce,WA,98409
241,Lashon,Vizarro,Sentry Signs,433 Westminster Blvd #590,Roseville,Placer,CA,95661
242,Lauran,Burnard,Professionals Unlimited,66697 Park Pl #3224,Riverton,Fremont,WY,82501
243,Ceola,Setter,Southern Steel Shelving Co,96263 Greenwood Pl,Warren,Knox,ME,4864
244,My,Rantanen,"Bosco, Paul J",8 Mcarthur Ln,Richboro,Bucks,PA,18954
245,Lorrine,Worlds,"Longo, Nicholas J Esq",8 Fair Lawn Ave,Tampa,Hillsborough,FL,33614
246,Peggie,Sturiale,Henry County Middle School,9 N 14th St,El Cajon,San Diego,CA,92020
247,Marvel,Raymo,Edison Supply & Equipment Co,9 Vanowen St,College Station,Brazos,TX,77840
248,Daron,Dinos,"Wolf, Warren R Esq",18 Waterloo Geneva Rd,Highland Park,Lake,IL,60035
249,An,Fritz,Linguistic Systems Inc,506 S Hacienda Dr,Atlantic City,Atlantic,NJ,8401
250,Portia,Stimmel,Peace Christian Center,3732 Sherman Ave,Bridgewater,Somerset,NJ,8807
251,Rhea,Aredondo,Double B Foods Inc,25657 Live Oak St,Brooklyn,Kings,NY,11226
252,Benedict,Sama,Alexander & Alexander Inc,4923 Carey Ave,Saint Louis,Saint Louis City,MO,63104
253,Alyce,Arias,Fairbanks Scales,3196 S Rider Trl,Stockton,San Joaquin,CA,95207
254,Heike,Berganza,Cali Sportswear Cutting Dept,3 Railway Ave #75,Little Falls,Passaic,NJ,7424
255,Carey,Dopico,"Garofani, John Esq",87393 E Highland Rd,Indianapolis,Marion,IN,46220
256,Dottie,Hellickson,Thompson Fabricating Co,67 E Chestnut Hill Rd,Seattle,King,WA,98133
257,Deandrea,Hughey,Century 21 Krall Real Estate,33 Lewis Rd #46,Burlington,Alamance,NC,27215
258,Kimberlie,Duenas,Mid Contntl Rlty & Prop Mgmt,8100 Jacksonville Rd #7,Hays,Ellis,KS,67601
259,Martina,Staback,Ace Signs Inc,7 W Wabansia Ave #227,Orlando,Orange,FL,32822
260,Skye,Fillingim,Rodeway Inn,25 Minters Chapel Rd #9,Minneapolis,Hennepin,MN,55401
261,Jade,Farrar,Bonnet & Daughter,6882 Torresdale Ave,Columbia,Richland,SC,29201
262,Charlene,Hamilton,Oshins & Gibbons,985 E 6th Ave,Santa Rosa,Sonoma,CA,95407
263,Geoffrey,Acey,Price Business Services,7 West Ave #1,Palatine,Cook,IL,60067
264,Stevie,Westerbeck,"Wise, Dennis W Md",26659 N 13th St,Costa Mesa,Orange,CA,92626
265,Pamella,Fortino,Super 8 Motel,669 Packerland Dr #1438,Denver,Denver,CO,80212
266,Harrison,Haufler,John Wagner Associates,759 Eldora St,New Haven,New Haven,CT,6515
267,Johnna,Engelberg,Thrifty Oil Co,5 S Colorado Blvd #449,Bothell,Snohomish,WA,98021
268,Buddy,Cloney,Larkfield Photo,944 Gaither Dr,Strongsville,Cuyahoga,OH,44136
269,Dalene,Riden,Silverman Planetarium,66552 Malone Rd,Plaistow,Rockingham,NH,3865
270,Jerry,Zurcher,J & F Lumber,77 Massillon Rd #822,Satellite Beach,Brevard,FL,32937
271,Haydee,Denooyer,Cleaning Station Inc,25346 New Rd,New York,New York,NY,10016
272,Joseph,Cryer,Ames Stationers,60 Fillmore Ave,Huntington Beach,Orange,CA,92647
273,Deonna,Kippley,Midas Muffler Shops,57 Haven Ave #90,Southfield,Oakland,MI,48075
274,Raymon,Calvaresi,Seaboard Securities Inc,6538 E Pomona St #60,Indianapolis,Marion,IN,46222
275,Alecia,Bubash,"Petersen, James E Esq",6535 Joyce St,Wichita Falls,Wichita,TX,76301
276,Ma,Layous,Development Authority,78112 Morris Ave,North Haven,New Haven,CT,6473
277,Detra,Coyier,Schott Fiber Optics Inc,96950 Hidden Ln,Aberdeen,Harford,MD,21001
278,Terrilyn,Rodeigues,Stuart J Agins,3718 S Main St,New Orleans,Orleans,LA,70130
279,Salome,Lacovara,Mitsumi Electronics Corp,9677 Commerce Dr,Richmond,Richmond City,VA,23219
280,Garry,Keetch,Italian Express Franchise Corp,5 Green Pond Rd #4,Southampton,Bucks,PA,18966
281,Matthew,Neither,American Council On Sci & Hlth,636 Commerce Dr #42,Shakopee,Scott,MN,55379
282,Theodora,Restrepo,"Kleri, Patricia S Esq",42744 Hamann Industrial Pky #82,Miami,Miami-Dade,FL,33136
283,Noah,Kalafatis,Twiggs Abrams Blanchard,1950 5th Ave,Milwaukee,Milwaukee,WI,53209
284,Carmen,Sweigard,Maui Research & Technology Pk,61304 N French Rd,Somerset,Somerset,NJ,8873
285,Lavonda,Hengel,Bradley Nameplate Corp,87 Imperial Ct #79,Fargo,Cass,ND,58102
286,Junita,Stoltzman,Geonex Martel Inc,94 W Dodge Rd,Carson City,Carson City,NV,89701
287,Herminia,Nicolozakes,Sea Island Div Of Fstr Ind Inc,4 58th St #3519,Scottsdale,Maricopa,AZ,85254
288,Casie,Good,"Papay, Debbie J Esq",5221 Bear Valley Rd,Nashville,Davidson,TN,37211
289,Reena,Maisto,Lane Promotions,9648 S Main,Salisbury,Wicomico,MD,21801
290,Mirta,Mallett,Stephen Kennerly Archts Inc Pc,7 S San Marcos Rd,New York,New York,NY,10004
291,Cathrine,Pontoriero,Business Systems Of Wis Inc,812 S Haven St,Amarillo,Randall,TX,79109
292,Filiberto,Tawil,"Flash, Elena Salerno Esq",3882 W Congress St #799,Los Angeles,Los Angeles,CA,90016
293,Raul,Upthegrove,"Neeley, Gregory W Esq",4 E Colonial Dr,La Mesa,San Diego,CA,91942
294,Sarah,Candlish,Alabama Educational Tv Comm,45 2nd Ave #9759,Atlanta,Fulton,GA,30328
295,Lucy,Treston,Franz Inc,57254 Brickell Ave #372,Worcester,Worcester,MA,1602
296,Judy,Aquas,Plantation Restaurant,8977 Connecticut Ave Nw #3,Niles,Berrien,MI,49120
297,Yvonne,Tjepkema,Radio Communications Co,9 Waydell St,Fairfield,Essex,NJ,7004
298,Kayleigh,Lace,Dentalaw Divsn Hlth Care,43 Huey P Long Ave,Lafayette,Lafayette,LA,70508
299,Felix,Hirpara,American Speedy Printing Ctrs,7563 Cornwall Rd #4462,Denver,Lancaster,PA,17517
300,Tresa,Sweely,"Grayson, Grant S Esq",22 Bridle Ln,Valley Park,Saint Louis,MO,63088
301,Kristeen,Turinetti,Jeanerette Middle School,70099 E North Ave,Arlington,Tarrant,TX,76013
302,Jenelle,Regusters,"Haavisto, Brian F Esq",3211 E Northeast Loop,Tampa,Hillsborough,FL,33619
303,Renea,Monterrubio,Wmmt Radio Station,26 Montgomery St,Atlanta,Fulton,GA,30328
304,Olive,Matuszak,Colony Paints Sales Ofc & Plnt,13252 Lighthouse Ave,Cathedral City,Riverside,CA,92234
305,Ligia,Reiber,Floral Expressions,206 Main St #2804,Lansing,Ingham,MI,48933
306,Christiane,Eschberger,Casco Services Inc,96541 W Central Blvd,Phoenix,Maricopa,AZ,85034
307,Goldie,Schirpke,"Reuter, Arthur C Jr",34 Saint George Ave #2,Bangor,Penobscot,ME,4401
308,Loreta,Timenez,"Kaminski, Katherine Andritsaki",47857 Coney Island Ave,Clinton,Prince Georges,MD,20735
309,Fabiola,Hauenstein,Sidewinder Products Corp,8573 Lincoln Blvd,York,York,PA,17404
310,Amie,Perigo,General Foam Corporation,596 Santa Maria Ave #7913,Mesquite,Dallas,TX,75150
311,Raina,Brachle,Ikg Borden Divsn Harsco Corp,3829 Ventura Blvd,Butte,Silver Bow,MT,59701
312,Erinn,Canlas,Anchor Computer Inc,13 S Hacienda Dr,Livingston,Essex,NJ,7039
313,Cherry,Lietz,Sebring & Co,40 9th Ave Sw #91,Waterford,Oakland,MI,48329
314,Kattie,Vonasek,H A C Farm Lines Co Optv Assoc,2845 Boulder Crescent St,Cleveland,Cuyahoga,OH,44103
315,Lilli,Scriven,"Hunter, John J Esq",33 State St,Abilene,Taylor,TX,79601
316,Whitley,Tomasulo,Freehold Fence Co,2 S 15th St,Fort Worth,Tarrant,TX,76107
317,Barbra,Adkin,Binswanger,4 Kohler Memorial Dr,Brooklyn,Kings,NY,11230
318,Hermila,Thyberg,Chilton Malting Co,1 Rancho Del Mar Shopping C,Providence,Providence,RI,2903
319,Jesusita,Flister,"Schoen, Edward J Jr",3943 N Highland Ave,Lancaster,Lancaster,PA,17601
320,Caitlin,Julia,"Helderman, Seymour Cpa",5 Williams St,Johnston,Providence,RI,2919
321,Roosevelt,Hoffis,"Denbrook, Myron",60 Old Dover Rd,Hialeah,Miami-Dade,FL,33014
322,Helaine,Halter,"Lippitt, Mike",8 Sheridan Rd,Jersey City,Hudson,NJ,7304
323,Lorean,Martabano,"Hiram, Hogg P Esq",85092 Southern Blvd,San Antonio,Bexar,TX,78204
324,France,Buzick,In Travel Agency,64 Newman Springs Rd E,Brooklyn,Kings,NY,11219
325,Justine,Ferrario,Newhart Foods Inc,48 Stratford Ave,Pomona,Los Angeles,CA,91768
326,Adelina,Nabours,Courtyard By Marriott,80 Pittsford Victor Rd #9,Cleveland,Cuyahoga,OH,44103
327,Derick,Dhamer,"Studer, Eugene A Esq",87163 N Main Ave,New York,New York,NY,10013
328,Jerry,Dallen,Seashore Supply Co Waretown,393 Lafayette Ave,Richmond,Richmond City,VA,23219
329,Leota,Ragel,Mayar Silk Inc,99 5th Ave #33,Trion,Chattooga,GA,30753
330,Jutta,Amyot,National Medical Excess Corp,49 N Mays St,Broussard,Lafayette,LA,70518
331,Aja,Gehrett,Stero Company,993 Washington Ave,Nutley,Essex,NJ,7110
332,Kirk,Herritt,"Hasting, H Duane Esq",88 15th Ave Ne,Vestal,Broome,NY,13850
333,Leonora,Mauson,Insty Prints,3381 E 40th Ave,Passaic,Passaic,NJ,7055
334,Winfred,Brucato,Glenridge Manor Mobile Home Pk,201 Ridgewood Rd,Moscow,Latah,ID,83843
335,Tarra,Nachor,Circuit Solution Inc,39 Moccasin Dr,San Francisco,San Francisco,CA,94104
336,Corinne,Loder,Local Office,4 Carroll St,North Attleboro,Bristol,MA,2760
337,Dulce,Labreche,Lee Kilkelly Paulson & Kabaker,9581 E Arapahoe Rd,Rochester,Oakland,MI,48307
338,Kate,Keneipp,"Davis, Maxon R Esq",33 N Michigan Ave,Green Bay,Brown,WI,54301
339,Kaitlyn,Ogg,"Garrison, Paul E Esq",2 S Biscayne Blvd,Baltimore,Baltimore City,MD,21230
340,Sherita,Saras,Black History Resource Center,8 Us Highway 22,Colorado Springs,El Paso,CO,80937
341,Lashawnda,Stuer,"Rodriguez, J Christopher Esq",7422 Martin Ave #8,Toledo,Lucas,OH,43607
342,Ernest,Syrop,Grant Family Health Center,94 Chase Rd,Hyattsville,Prince Georges,MD,20785
343,Nobuko,Halsey,Goeman Wood Products Inc,8139 I Hwy 10 #92,New Bedford,Bristol,MA,2745
344,Lavonna,Wolny,"Linhares, Kenneth A Esq",5 Cabot Rd,Mc Lean,Fairfax,VA,22102
345,Lashaunda,Lizama,Earnhardt Printing,3387 Ryan Dr,Hanover,Anne Arundel,MD,21076
346,Mariann,Bilden,H P G Industrys Inc,3125 Packer Ave #9851,Austin,Travis,TX,78753
347,Helene,Rodenberger,Bailey Transportation Prod Inc,347 Chestnut St,Peoria,Maricopa,AZ,85381
348,Roselle,Estell,Mcglynn Bliss Pc,8116 Mount Vernon Ave,Bucyrus,Crawford,OH,44820
349,Samira,Heintzman,Mutual Fish Co,8772 Old County Rd #5410,Kent,King,WA,98032
350,Margart,Meisel,"Yeates, Arthur L Aia",868 State St #38,Cincinnati,Hamilton,OH,45251
351,Kristofer,Bennick,"Logan, Ronald J Esq",772 W River Dr,Bloomington,Monroe,IN,47404
352,Weldon,Acuff,Advantage Martgage Company,73 W Barstow Ave,Arlington Heights,Cook,IL,60004
353,Shalon,Shadrick,Germer And Gertz Llp,61047 Mayfield Ave,Brooklyn,Kings,NY,11223
354,Denise,Patak,Spence Law Offices,2139 Santa Rosa Ave,Orlando,Orange,FL,32801
355,Louvenia,Beech,John Ortiz Nts Therapy Center,598 43rd St,Beverly Hills,Los Angeles,CA,90210
356,Audry,Yaw,Mike Uchrin Htg & Air Cond Inc,70295 Pioneer Ct,Brandon,Hillsborough,FL,33511
357,Kristel,Ehmann,"Mccoy, Joy Reynolds Esq",92899 Kalakaua Ave,El Paso,El Paso,TX,79925
358,Vincenza,Zepp,Kbor 1600 Am,395 S 6th St #2,El Cajon,San Diego,CA,92020
359,Elouise,Gwalthney,Quality Inn Northwest,9506 Edgemore Ave,Bladensburg,Prince Georges,MD,20710
360,Venita,Maillard,Wallace Church Assoc Inc,72119 S Walker Ave #63,Anaheim,Orange,CA,92801
361,Kasandra,Semidey,Can Tron,369 Latham St #500,Saint Louis,Saint Louis City,MO,63102
362,Xochitl,Discipio,Ravaal Enterprises Inc,3158 Runamuck Pl,Round Rock,Williamson,TX,78664
363,Maile,Linahan,Thompson Steel Company Inc,9 Plainsboro Rd #598,Greensboro,Guilford,NC,27409
364,Krissy,Rauser,"Anderson, Mark A Esq",8728 S Broad St,Coram,Suffolk,NY,11727
365,Pete,Dubaldi,Womack & Galich,2215 Prosperity Dr,Lyndhurst,Bergen,NJ,7071
366,Linn,Paa,Valerie & Company,1 S Pine St,Memphis,Shelby,TN,38112
367,Paris,Wide,Gehring Pumps Inc,187 Market St,Atlanta,Fulton,GA,30342
368,Wynell,Dorshorst,"Haehnel, Craig W Esq",94290 S Buchanan St,Pacifica,San Mateo,CA,94044
369,Quentin,Birkner,Spoor Behrins Campbell & Young,7061 N 2nd St,Burnsville,Dakota,MN,55337
370,Regenia,Kannady,Ken Jeter Store Equipment Inc,10759 Main St,Scottsdale,Maricopa,AZ,85260
371,Sheron,Louissant,"Potter, Brenda J Cpa",97 E 3rd St #9,Long Island City,Queens,NY,11101
372,Izetta,Funnell,Baird Kurtz & Dobson,82 Winsor St #54,Atlanta,Dekalb,GA,30340
373,Rodolfo,Butzen,"Minor, Cynthia A Esq",41 Steel Ct,Northfield,Rice,MN,55057
374,Zona,Colla,"Solove, Robert A Esq",49440 Dearborn St,Norwalk,Fairfield,CT,6854
375,Serina,Zagen,Mark Ii Imports Inc,7 S Beverly Dr,Fort Wayne,Allen,IN,46802
376,Paz,Sahagun,White Sign Div Ctrl Equip Co,919 Wall Blvd,Meridian,Lauderdale,MS,39307
377,Markus,Lukasik,M & M Store Fixtures Co Inc,89 20th St E #779,Sterling Heights,Macomb,MI,48310
378,Jaclyn,Bachman,Judah Caster & Wheel Co,721 Interstate 45 S,Colorado Springs,El Paso,CO,80919
379,Cyril,Daufeldt,Galaxy International Inc,3 Lawton St,New York,New York,NY,10013
380,Gayla,Schnitzler,Sigma Corp Of America,38 Pleasant Hill Rd,Hayward,Alameda,CA,94545
381,Erick,Nievas,"Soward, Anne Esq",45 E Acacia Ct,Chicago,Cook,IL,60624
382,Jennie,Drymon,"Osborne, Michelle M Esq",63728 Poway Rd #1,Scranton,Lackawanna,PA,18509
383,Mitsue,Scipione,Students In Free Entrprs Natl,77 222 Dr,Oroville,Butte,CA,95965
384,Ciara,Ventura,"Johnson, Robert M Esq",53 W Carey St,Port Jervis,Orange,NY,12771
385,Galen,Cantres,Del Charro Apartments,617 Nw 36th Ave,Brook Park,Cuyahoga,OH,44142
386,Truman,Feichtner,Legal Search Inc,539 Coldwater Canyon Ave,Bloomfield,Essex,NJ,7003
387,Gail,Kitty,Service Supply Co Inc,735 Crawford Dr,Anchorage,Anchorage,AK,99501
388,Dalene,Schoeneck,"Sameshima, Douglas J Esq",910 Rahway Ave,Philadelphia,Philadelphia,PA,19102
389,Gertude,Witten,"Thompson, John Randolph Jr",7 Tarrytown Rd,Cincinnati,Hamilton,OH,45217
390,Lizbeth,Kohl,E T Balancing Co Inc,35433 Blake St #588,Gardena,Los Angeles,CA,90248
391,Glenn,Berray,"Griswold, John E Esq",29 Cherry St #7073,Des Moines,Polk,IA,50315
392,Lashandra,Klang,Acqua Group,810 N La Brea Ave,King of Prussia,Montgomery,PA,19406
393,Lenna,Newville,"Brooks, Morris J Jr",987 Main St,Raleigh,Wake,NC,27601
394,Laurel,Pagliuca,Printing Images Corp,36 Enterprise St Se,Richland,Benton,WA,99352
395,Mireya,Frerking,Roberts Supply Co Inc,8429 Miller Rd,Pelham,Westchester,NY,10803
396,Annelle,Tagala,Vico Products Mfg Co,5 W 7th St,Parkville,Baltimore,MD,21234
397,Dean,Ketelsen,J M Custom Design Millwork,2 Flynn Rd,Hicksville,Nassau,NY,11801
398,Levi,Munis,Farrell & Johnson Office Equip,2094 Ne 36th Ave,Worcester,Worcester,MA,1603
399,Sylvie,Ryser,Millers Market & Deli,649 Tulane Ave,Tulsa,Tulsa,OK,74105
400,Sharee,Maile,Holiday Inn Naperville,2094 Montour Blvd,Muskegon,Muskegon,MI,49442
401,Cordelia,Storment,"Burrows, Jon H Esq",393 Hammond Dr,Lafayette,Lafayette,LA,70506
402,Mollie,Mcdoniel,Dock Seal Specialty,8590 Lake Lizzie Dr,Bowling Green,Wood,OH,43402
403,Brett,Mccullan,Five Star Limousines Of Tx Inc,87895 Concord Rd,La Mesa,San Diego,CA,91942
404,Teddy,Pedrozo,"Barkan, Neal J Esq",46314 Route 130,Bridgeport,Fairfield,CT,6610
405,Tasia,Andreason,"Campbell, Robert A",4 Cowesett Ave,Kearny,Hudson,NJ,7032
406,Hubert,Walthall,"Dee, Deanna",95 Main Ave #2,Barberton,Summit,OH,44203
407,Arthur,Farrow,"Young, Timothy L Esq",28 S 7th St #2824,Englewood,Bergen,NJ,7631
408,Vilma,Berlanga,"Wells, D Fred Esq",79 S Howell Ave,Grand Rapids,Kent,MI,49546
409,Billye,Miro,"Gray, Francine H Esq",36 Lancaster Dr Se,Pearl,Rankin,MS,39208
410,Glenna,Slayton,Toledo Iv Care,2759 Livingston Ave,Memphis,Shelby,TN,38118
411,Mitzie,Hudnall,Cangro Transmission Co,17 Jersey Ave,Englewood,Arapahoe,CO,80110
412,Bernardine,Rodefer,Sat Poly Inc,2 W Grand Ave,Memphis,Shelby,TN,38112
413,Staci,Schmaltz,Midwest Contracting & Mfg Inc,18 Coronado Ave #563,Pasadena,Los Angeles,CA,91106
414,Nichelle,Meteer,Print Doctor,72 Beechwood Ter,Chicago,Cook,IL,60657
415,Janine,Rhoden,Nordic Group Inc,92 Broadway,Astoria,Queens,NY,11103
416,Ettie,Hoopengardner,Jackson Millwork Co,39 Franklin Ave,Richland,Benton,WA,99352
417,Eden,Jayson,Harris Corporation,4 Iwaena St,Baltimore,Baltimore City,MD,21202
418,Lynelle,Auber,United Cerebral Palsy Of Ne Pa,32820 Corkwood Rd,Newark,Essex,NJ,7104
419,Merissa,Tomblin,One Day Surgery Center Inc,34 Raritan Center Pky,Bellflower,Los Angeles,CA,90706
420,Golda,Kaniecki,Calaveras Prospect,6201 S Nevada Ave,Toms River,Ocean,NJ,8755
421,Catarina,Gleich,"Terk, Robert E Esq",78 Maryland Dr #146,Denville,Morris,NJ,7834
422,Virgie,Kiel,"Cullen, Terrence P Esq",76598 Rd  I 95 #1,Denver,Denver,CO,80216
423,Jolene,Ostolaza,Central Die Casting Mfg Co Inc,1610 14th St Nw,Newport News,Newport News City,VA,23608
424,Keneth,Borgman,Centerline Engineering,86350 Roszel Rd,Phoenix,Maricopa,AZ,85012
425,Rikki,Nayar,Targan & Kievit Pa,1644 Clove Rd,Miami,Miami-Dade,FL,33155
426,Elke,Sengbusch,Riley Riper Hollin & Colagreco,9 W Central Ave,Phoenix,Maricopa,AZ,85013
427,Hoa,Sarao,"Kaplan, Joel S Esq",27846 Lafayette Ave,Oak Hill,Volusia,FL,32759
428,Trinidad,Mcrae,Water Office,10276 Brooks St,San Francisco,San Francisco,CA,94105
429,Mari,Lueckenbach,"Westbrooks, Nelson E Jr",1 Century Park E,San Diego,San Diego,CA,92110
430,Selma,Husser,Armon Communications,9 State Highway 57 #22,Jersey City,Hudson,NJ,7306
431,Antione,Onofrio,Jacobs & Gerber Inc,4 S Washington Ave,San Bernardino,San Bernardino,CA,92410
432,Luisa,Jurney,Forest Fire Laboratory,25 Se 176th Pl,Cambridge,Middlesex,MA,2138
433,Clorinda,Heimann,"Haughey, Charles Jr",105 Richmond Valley Rd,Escondido,San Diego,CA,92025
434,Dick,Wenzinger,Wheaton Plastic Products,22 Spruce St #595,Gardena,Los Angeles,CA,90248
435,Ahmed,Angalich,Reese Plastics,2 W Beverly Blvd,Harrisburg,Dauphin,PA,17110
436,Iluminada,Ohms,Nazette Marner Good Wendt,72 Southern Blvd,Mesa,Maricopa,AZ,85204
437,Joanna,Leinenbach,Levinson Axelrod Wheaton,1 Washington St,Lake Worth,Palm Beach,FL,33461
438,Caprice,Suell,"Egnor, W Dan Esq",90177 N 55th Ave,Nashville,Davidson,TN,37211
439,Stephane,Myricks,Portland Central Thriftlodge,9 Tower Ave,Burlington,Boone,KY,41005
440,Quentin,Swayze,Ulbrich Trucking,278 Bayview Ave,Milan,Monroe,MI,48160
441,Annmarie,Castros,Tipiak Inc,80312 W 32nd St,Conroe,Montgomery,TX,77301
442,Shonda,Greenbush,Saint George Well Drilling,82 Us Highway 46,Clifton,Passaic,NJ,7011
443,Cecil,Lapage,"Hawkes, Douglas D",4 Stovall St #72,Union City,Hudson,NJ,7087
444,Jeanice,Claucherty,Accurel Systems Intrntl Corp,19 Amboy Ave,Miami,Miami-Dade,FL,33142
445,Josphine,Villanueva,Santa Cruz Community Internet,63 Smith Ln #8343,Moss,Clay,TN,38575
446,Daniel,Perruzza,Gersh & Danielson,11360 S Halsted St,Santa Ana,Orange,CA,92705
447,Cassi,Wildfong,"Cobb, James O Esq",26849 Jefferson Hwy,Rolling Meadows,Cook,IL,60008
448,Britt,Galam,Wheatley Trucking Company,2500 Pringle Rd Se #508,Hatfield,Montgomery,PA,19440
449,Adell,Lipkin,Systems Graph Inc Ab Dick Dlr,65 Mountain View Dr,Whippany,Morris,NJ,7981
450,Jacqueline,Rowling,John Hancock Mutl Life Ins Co,1 N San Saba,Erie,Erie,PA,16501
451,Lonny,Weglarz,History Division Of State,51120 State Route 18,Salt Lake City,Salt Lake,UT,84115
452,Lonna,Diestel,"Dimmock, Thomas J Esq",1482 College Ave,Fayetteville,Cumberland,NC,28301
453,Cristal,Samara,Intermed Inc,4119 Metropolitan Dr,Los Angeles,Los Angeles,CA,90021
454,Kenneth,Grenet,Bank Of New York,2167 Sierra Rd,East Lansing,Ingham,MI,48823
455,Elli,Mclaird,Sportmaster Intrnatl,6 Sunrise Ave,Utica,Oneida,NY,13501
456,Alline,Jeanty,W W John Holden Inc,55713 Lake City Hwy,South Bend,St Joseph,IN,46601
457,Sharika,Eanes,Maccani & Delp,75698 N Fiesta Blvd,Orlando,Orange,FL,32806
458,Nu,Mcnease,Amazonia Film Project,88 Sw 28th Ter,Harrison,Hudson,NJ,7029
459,Daniela,Comnick,Water & Sewer Department,7 Flowers Rd #403,Trenton,Mercer,NJ,8611
460,Cecilia,Colaizzo,Switchcraft Inc,4 Nw 12th St #3849,Madison,Dane,WI,53717
461,Leslie,Threets,C W D C Metal Fabricators,2 A Kelley Dr,Katonah,Westchester,NY,10536
462,Nan,Koppinger,"Shimotani, Grace T",88827 Frankford Ave,Greensboro,Guilford,NC,27401
463,Izetta,Dewar,"Lisatoni, Jean Esq",2 W Scyene Rd #3,Baltimore,Baltimore City,MD,21217
464,Tegan,Arceo,Ceramic Tile Sales Inc,62260 Park Stre,Monroe Township,Middlesex,NJ,8831
465,Ruthann,Keener,Maiden Craft Inc,3424 29th St Se,Kerrville,Kerr,TX,78028
466,Joni,Breland,Carriage House Cllsn Rpr Inc,35 E Main St #43,Elk Grove Village,Cook,IL,60007
467,Vi,Rentfro,Video Workshop,7163 W Clark Rd,Freehold,Monmouth,NJ,7728
468,Colette,Kardas,Fresno Tile Center Inc,21575 S Apple Creek Rd,Omaha,Douglas,NE,68124
469,Malcolm,Tromblay,Versatile Sash & Woodwork,747 Leonis Blvd,Annandale,Fairfax,VA,22003
470,Ryan,Harnos,Warner Electric Brk & Cltch Co,13 Gunnison St,Plano,Collin,TX,75075
471,Jess,Chaffins,New York Public Library,18 3rd Ave,New York,New York,NY,10016
472,Sharen,Bourbon,"Mccaleb, John A Esq",62 W Austin St,Syosset,Nassau,NY,11791
473,Nickolas,Juvera,United Oil Co Inc,177 S Rider Trl #52,Crystal River,Citrus,FL,34429
474,Gary,Nunlee,Irving Foot Center,2 W Mount Royal Ave,Fortville,Hancock,IN,46040
475,Diane,Devreese,Acme Supply Co,1953 Telegraph Rd,Saint Joseph,Buchanan,MO,64504
476,Roslyn,Chavous,"Mcrae, James L",63517 Dupont St,Jackson,Hinds,MS,39211
477,Glory,Schieler,Mcgraths Seafood,5 E Truman Rd,Abilene,Taylor,TX,79602
478,Rasheeda,Sayaphon,"Kummerer, J Michael Esq",251 Park Ave #979,Saratoga,Santa Clara,CA,95070
479,Alpha,Palaia,"Stoffer, James M Jr",43496 Commercial Dr #29,Cherry Hill,Camden,NJ,8003
480,Refugia,Jacobos,North Central Fl Sfty Cncl,2184 Worth St,Hayward,Alameda,CA,94545
481,Shawnda,Yori,Fiorucci Foods Usa Inc,50126 N Plankinton Ave,Longwood,Seminole,FL,32750
482,Mona,Delasancha,Sign All,38773 Gravois Ave,Cheyenne,Laramie,WY,82001
483,Gilma,Liukko,Sammys Steak Den,16452 Greenwich St,Garden City,Nassau,NY,11530
484,Janey,Gabisi,"Dobscha, Stephen F Esq",40 Cambridge Ave,Madison,Dane,WI,53715
485,Lili,Paskin,Morgan Custom Homes,20113 4th Ave E,Kearny,Hudson,NJ,7032
486,Loren,Asar,Olsen Payne & Company,6 Ridgewood Center Dr,Old Forge,Lackawanna,PA,18518
487,Dorothy,Chesterfield,Cowan & Kelly,469 Outwater Ln,San Diego,San Diego,CA,92126
488,Gail,Similton,"Johnson, Wes Esq",62 Monroe St,Thousand Palms,Riverside,CA,92276
489,Catalina,Tillotson,Icn Pharmaceuticals Inc,3338 A Lockport Pl #6,Margate City,Atlantic,NJ,8402
490,Lawrence,Lorens,New England Sec Equip Co Inc,9 Hwy,Providence,Providence,RI,2906
491,Carlee,Boulter,"Tippett, Troy M Ii",8284 Hart St,Abilene,Dickinson,KS,67410
492,Thaddeus,Ankeny,Atc Contracting,5 Washington St #1,Roseville,Placer,CA,95678
493,Jovita,Oles,"Pagano, Philip G Esq",8 S Haven St,Daytona Beach,Volusia,FL,32114
494,Alesia,Hixenbaugh,Kwikprint,9 Front St,Washington,District of Columbia,DC,20001
495,Lai,Harabedian,Buergi & Madden Scale,1933 Packer Ave #2,Novato,Marin,CA,94945
496,Brittni,Gillaspie,Inner Label,67 Rv Cent,Boise,Ada,ID,83709
497,Raylene,Kampa,Hermar Inc,2 Sw Nyberg Rd,Elkhart,Elkhart,IN,46514
498,Flo,Bookamer,Simonton Howe & Schneider Pc,89992 E 15th St,Alliance,Box Butte,NE,69301
499,Jani,Biddy,Warehouse Office & Paper Prod,61556 W 20th Ave,Seattle,King,WA,98104
500,Chauncey,Motley,Affiliated With Travelodge,63 E Aurora Dr,Orlando,Orange,FL,32804
